{"cameraMode":{"drawMode":0,"name":"Shaded","section":"Shading Mode"},"sceneLighting":true,"audioPlay":false,"sceneViewState":{"m_AlwaysRefresh":false,"showFog":true,"showSkybox":true,"showFlares":true,"showImageEffects":true,"showParticleSystems":true,"showVisualEffectGraphs":true,"m_FxEnabled":true},"in2DMode":false,"pivot":{"x":1.5496203899383546,"y":49.266563415527347,"z":-337.464111328125},"rotation":{"x":0.0008617911371402442,"y":-0.9991021752357483,"z":0.03448374941945076,"w":0.02489146962761879},"size":15.607085227966309,"orthographic":false}