{"cameraMode":{"drawMode":0,"name":"Shaded","section":"Shading Mode"},"sceneLighting":true,"audioPlay":false,"sceneViewState":{"m_AlwaysRefresh":false,"showFog":true,"showSkybox":true,"showFlares":true,"showImageEffects":true,"showParticleSystems":true,"showVisualEffectGraphs":true,"m_FxEnabled":true},"in2DMode":false,"pivot":{"x":-0.057291388511657718,"y":43.73706817626953,"z":-359.9739074707031},"rotation":{"x":-0.0013986120466142893,"y":-0.9958375692367554,"z":0.08986733853816986,"w":-0.015538088977336884},"size":24.639463424682618,"orthographic":false}